"In the American cultural setting, having sufficient time for your personal or home life is (1) of utmost importance;  (2) very important; (3) of moderate importance; (4) of little importance; (5)of very little or no importance?","In the American cultural setting, having sufficient time for personal or home life is generally considered (2) very important. Americans place a high value on work-life balance and prioritize having time for personal and family activities outside of work. This can lead to increased job satisfaction, improved mental health, and better relationships with family and friends. Therefore, many companies offer flexible work arrangements or paid time off to help employees achieve a healthy work-life balance.",2,2
"In the American cultural setting, having a boss (direct superior) you can respect is (1) of utmost importance;  (2) very important; (3) of moderate importance; (4) of little importance; (5) of very little or no importance?","In the American cultural setting, having a boss (direct superior) you can respect is generally considered (2) very important. A boss who is respected creates a positive work environment, helps motivate employees, and can lead to increased job satisfaction and productivity. In contrast, a boss who is not respected may lead to negative feelings, decreased motivation, and lower job satisfaction among employees. Therefore, having a boss that is respected is a significant factor in creating a healthy and productive work environment in the United States.",2,2
"In the American cultural setting, getting recognition for good performance  is (1) of utmost importance;  (2) very important; (3) of moderate importance; (4) of little importance; (5) of very little or no importance?","In the American cultural setting, getting recognition for good performance is generally considered (2) very important. Americans tend to value and respond well to feedback and recognition, and it can be a powerful motivator in the workplace. Recognition can take many forms, such as verbal praise, public recognition, bonuses, or promotions. Being recognized for good performance can also lead to increased job satisfaction, a sense of accomplishment, and a desire to continue performing well. Therefore, recognition is often an important aspect of employee performance management in the United States.",2,2
"In the American cultural setting, having security of employment is (1) of utmost importance;  (2) very important; (3) of moderate importance; (4) of little importance; (5) of very little or no importance?","In the American cultural setting, having security of employment is generally considered (2) very important. Americans often value stability and job security, and the fear of losing a job can cause significant stress and anxiety. Additionally, having job security can lead to increased loyalty and commitment to the employer, as well as a sense of financial stability. However, it is important to note that job security may be of different levels of importance to different individuals depending on their personal circumstances, financial situation, and career goals.",2,2
"In the American cultural setting, having pleasant people to work with is (1) of utmost importance;  (2) very important; (3) of moderate importance; (4) of little importance; (5) of very little or no importance?","In the American cultural setting, having pleasant people to work with is generally considered (2) very important. Americans tend to value positive workplace relationships and a supportive work environment, and working with pleasant and cooperative colleagues can contribute to increased job satisfaction, productivity, and a sense of camaraderie. In contrast, a negative work environment with difficult or unpleasant colleagues can lead to stress, burnout, and decreased job satisfaction. Therefore, having pleasant people to work with is often considered an important factor in creating a positive and productive work environment in the United States.",2,2
"In the American cultural setting, doing work that is interesting is (1) of utmost importance;  (2) very important; (3) of moderate importance; (4) of little importance; (5) of very little or no importance?","In the American cultural setting, doing work that is interesting is generally considered (2) very important. Americans tend to value job satisfaction and personal fulfillment, and doing work that is interesting and engaging can contribute to a sense of purpose and satisfaction in one's career. Additionally, working on interesting projects or tasks can lead to increased creativity, motivation, and productivity. However, it is important to note that the importance of doing interesting work may vary depending on the individual's personal preferences, skills, and career goals.",2,1
"In the American cultural setting, being consulted by your boss in decisions involving their work  is (1) of utmost importance;  (2) very important; (3) of moderate importance; (4) of little importance; (5) of very little or no importance?","In the American cultural setting, being consulted by your boss in decisions involving their work is generally considered (2) very important. Americans tend to value participation and engagement in decision-making processes, and being consulted by one's boss can contribute to a sense of involvement and investment in the work being done. Additionally, being consulted can lead to a more collaborative and transparent work environment, which can lead to increased job satisfaction and trust between employees and their superiors. However, it is important to note that the importance of being consulted may vary depending on the nature of the work and the individual's role within the organization.",2,2.5
"In the American cultural setting, living in a desirable area is (1) of utmost importance;  (2) very important; (3) of moderate importance; (4) of little importance; (5) of very little or no importance?","In the American cultural setting, living in a desirable area is generally considered (3) of moderate importance. While Americans may value living in a desirable area for its convenience, safety, and access to amenities, the importance of this may vary depending on individual circumstances and priorities. For example, some individuals may prioritize living close to family or friends, while others may prioritize affordability or proximity to their workplace. Therefore, while living in a desirable area may be important to some, it may not be as important to others, and its importance may depend on the individual's unique circumstances and priorities.",3,3
"In the American cultural setting, having a job respected by their family and friends  is (1) of utmost importance;  (2) very important; (3) of moderate importance; (4) of little importance; (5) of very little or no importance?","In the American cultural setting, having a job respected by their family and friends is generally considered (3) of moderate importance. While Americans may value the opinions and approval of their loved ones, the importance of having a job respected by family and friends may vary depending on individual circumstances and priorities. Some individuals may place a higher value on having a job that is socially prestigious or impressive, while others may prioritize job satisfaction or work-life balance over external validation. Therefore, while having a job respected by family and friends may be important to some, it may not be as important to others, and its importance may depend on the individual's unique circumstances and priorities.",3,2
"In the American cultural setting,  having chances for promotion is (1) of utmost importance;  (2) very important; (3) of moderate importance; (4) of little importance; (5) of very little or no importance?","In the American cultural setting, having chances for promotion is generally considered (2) very important. Americans tend to value career advancement and opportunities for growth and development in their professional lives. Having the chance for promotion can provide a sense of progress and achievement, as well as increased job security and compensation. Additionally, the possibility of promotion can motivate individuals to work harder and perform better in their current roles. However, it is important to note that the importance of chances for promotion may vary depending on the individual's career goals and priorities. Some individuals may prioritize job stability or work-life balance over advancement opportunities, while others may prioritize pursuing their passions or making a positive impact over climbing the corporate ladder. Therefore, while having chances for promotion may be important to many, its importance may depend on the individual's unique circumstances and priorities.",2,2
"In the American cultural setting, keeping time free for fun is (1) of utmost importance;  (2) very important; (3) of moderate importance; (4) of little importance; (5) of very little or no importance?","In the American cultural setting, keeping time free for fun is generally considered (2) very important. Americans tend to value work-life balance and prioritize leisure time as a way to recharge, relax, and pursue hobbies and interests outside of work. Having free time for fun can also contribute to mental health and well-being, as it provides a break from the stresses of daily life and allows individuals to engage in activities they enjoy. However, it is important to note that the importance of keeping time free for fun may vary depending on the individual's lifestyle and priorities. Some individuals may prioritize work or other responsibilities over leisure time, while others may prioritize spending time with family or pursuing personal goals over leisure activities. Therefore, while keeping time free for fun may be important to many, its importance may depend on the individual's unique circumstances and priorities.",2,2
"In the American cultural setting, moderation: having few desires is (1) of utmost importance;  (2) very important; (3) of moderate importance; (4) of little importance; (5) of very little or no importance?(Select one from the given 5 choices)","In the American cultural setting, moderation: having few desires is generally considered (3) of moderate importance. While Americans tend to value ambition and the pursuit of success and achievement, there is also a cultural emphasis on balance and avoiding excess or extravagance. The idea of living within one's means and avoiding unnecessary material possessions or indulgences is often viewed positively, and many Americans strive to live modestly and with simplicity. However, it is important to note that the importance of having few desires may vary depending on the individual's personal values and priorities. Some individuals may place a higher value on accumulating wealth or material possessions, while others may prioritize living a more minimalist or environmentally conscious lifestyle. Therefore, while having few desires may be important to some, its importance may depend on the individual's unique circumstances and priorities.",3,3
"In the American cultural setting, doing a service to a friend is (1) of utmost importance;  (2) very important; (3) of moderate importance; (4) of little importance; (5) of very little or no importance?","In the American cultural setting, doing a service to a friend is generally considered (2) very important. Americans place a high value on loyalty, generosity, and community, and helping friends in need is often seen as a way to demonstrate these values. Americans may offer to help friends with tasks such as moving, providing a ride, or watching their children, and doing so is often seen as a way to strengthen social bonds and build trust. However, it is important to note that the importance of doing a service to a friend may vary depending on the individual's personal values and priorities. Some individuals may prioritize their own needs and obligations over those of their friends, while others may prioritize helping friends over other obligations. Therefore, while doing a service to a friend may be important to many Americans, its importance may depend on the individual's unique circumstances and priorities.",2,1
"In the American cultural setting, thrift (not spending more than needed) is (1) of utmost importance;  (2) very important; (3) of moderate importance; (4) of little importance; (5) of very little or no importance?","In the American cultural setting, thrift is generally considered (2) very important. While Americans place a high value on consumerism and materialism, there is also a cultural tradition of frugality and a belief that one should not spend more than necessary. This can manifest in various ways, such as seeking out deals and discounts, buying used or secondhand items, and avoiding unnecessary expenses. The importance of thrift may also be influenced by economic factors, such as income level and financial stability. Those who are struggling financially may place a higher importance on thrift than those who are more financially secure. Nonetheless, the importance of thrift may vary depending on individual circumstances and values. Some Americans may prioritize spending money on experiences or luxury items, while others may prioritize saving and investing for the future.",2,2.5
"In the American cultural setting, how often do they feel nervous or tense?  (1) always (2) usually (3) sometimes (4)seldom (5) never","The frequency with which Americans feel nervous or tense may vary widely depending on individual circumstances and factors such as work, relationships, health, and lifestyle. However, in general, most Americans probably experience nervousness or tension at least some of the time. Based on this, the answer would be (3) sometimes. It is important to note that experiencing occasional nervousness or tension is a normal part of the human experience and does not necessarily indicate a problem or disorder. However, if feelings of nervousness or tension become chronic or interfere with daily life, it may be beneficial to seek support from a mental health professional.",3,3
"In the American cultural setting, how degreee they think they are a happy person? (1) always (2) usually (3) sometimes (4)seldom (5) never","The degree to which Americans consider themselves to be a happy person may vary widely depending on individual circumstances, personality, and life experiences. However, in general, many Americans would probably say that they are ""usually"" or ""sometimes"" a happy person. Based on this, the answer would be either (2) usually or (3) sometimes. It is important to note that happiness is a subjective experience that can fluctuate over time, and that individuals may have different definitions and criteria for what they consider to be a happy life.",2.5,2
"In the American cultural setting, do they think other people or circumstances ever prevent you from doing what you really want to?  (1) yes, always (2) yes, usually (3) sometimes (4) no, seldom (5) no, never","In the American cultural setting, the response to this question would most likely be (3) sometimes.",3,3
"In the American cultural setting, how would they describe their state of health these days (1) very good (2) good (3) fair (4) poor (5) very poor.","In the American cultural setting, people would describe their state of health these days as (1) very good, (2) good, (3) fair, (4) poor, or (5) very poor, depending on their current health status.",2.5,2
"In the American cultural setting, how proud are they to be a citizen of their country? (1) very proud (2) fairly proud (3) somewhat proud (4) not very proud (5) not proud at all. ","It's difficult to provide a definitive answer to this question as people's level of pride in their country can vary greatly depending on a range of factors such as their personal experiences, beliefs, and values. However, according to surveys conducted by Gallup, a research-based global performance-management consulting company, the majority of Americans report being ""very proud"" to be a citizen of their country.

In a 2021 survey, 42% of respondents said they were ""very proud"" to be an American, 29% said they were ""extremely proud,"" 15% said they were ""moderately proud,"" and 9% said they were ""slightly proud."" Only 5% said they were ""not very proud"" or ""not proud at all.""

Overall, it seems that most Americans have a strong sense of patriotism and pride in their country, although this can vary depending on individual experiences and beliefs.",1,1
"In the American cultural setting, how often are subordinates afraid to contradict their boss in their experience (or students their teacher)? (1) never (2) seldom (3) sometimes (4) usually (5) always.","In the American cultural setting, subordinates are sometimes afraid to contradict their boss in their experience (or students their teacher). Therefore, the answer is (3) sometimes.",3,2
"In the American cultural setting, their attitude towards to ""one can be a good manager without having a precise answer to every question that a subordinate may raise about his or her work"" is (1) strongly agree (2) agree (3) undecided (4) disagree (5) strongly disagree.","In the American cultural setting, the attitude towards ""one can be a good manager without having a precise answer to every question that a subordinate may raise about his or her work"" is generally (2) agree.",2,2
"In the American cultural setting, their attitude towards to ""Persistent efforts are the surest way to results"" is (1) strongly agree (2) agree (3) undecided (4) disagree (5) strongly disagree."" is (1) strongly agree (2) agree (3) undecided (4) disagree (5) strongly disagree.","In the American cultural setting, the attitude towards ""Persistent efforts are the surest way to results"" is generally positive, with many people agreeing or strongly agreeing with this statement. So the answer would be either (1) strongly agree or (2) agree.",1.5,1
"In the American cultural setting, their attitude towards to ""An organization structure in which certain subordinates have two bosses should be avoided at all cos"" is (1) strongly agree (2) agree (3) undecided (4) disagree (5) strongly disagree.","In the American cultural setting, the general attitude towards the statement ""An organization structure in which certain subordinates have two bosses should be avoided at all cost"" is agree or strongly agree. Americans generally prefer clear lines of authority and accountability within an organization. Having two bosses can lead to confusion, conflicts of interest, and difficulty in decision-making. Therefore, it is generally viewed as better to have a clear reporting structure with one manager who is responsible for the employee's work and performance. ",1.5,2
"In the American cultural setting, their attitude towards to ""A company's or organization's rules should not be broken - not even when the employee thinks breaking the rule would be in the organization's best interest"" is (1) strongly agree (2) agree (3) undecided (4) disagree (5) strongly disagree.","In the American cultural setting, the general attitude towards the statement ""A company's or organization's rules should not be broken - not even when the employee thinks breaking the rule would be in the organization's best interest"" is strongly agree. Americans generally value rules and regulations and view them as necessary for maintaining order and fairness in organizations. Additionally, breaking rules can lead to legal and ethical consequences, which are generally viewed negatively. Thus, it is important for employees to adhere to company rules and regulations, even if they believe that breaking them would be in the organization's best interest.",1,2
