"For an average Chinese, having sufficient time for your personal or home life is (1) of utmost importance;  (2) very important; (3) of moderate importance; (4) of little importance; (5)of very little or no importance?","For an average Chinese, having sufficient time for personal or home life is likely considered (1) of utmost importance or (2) very important, as family and personal relationships are highly valued in Chinese culture.",1.5,,
"For an average Chinese, having a boss (direct superior) you can respect is (1) of utmost importance;  (2) very important; (3) of moderate importance; (4) of little importance; (5) of very little or no importance?","For the an average Chinese, having a boss (direct superior) you can respect is (2) very important.
",2,"For the an average Chinese, having a boss (direct superior) you can respect is (1) of utmost importance.",1
"For an average Chinese, getting recognition for good performance  is (1) of utmost importance;  (2) very important; (3) of moderate importance; (4) of little importance; (5) of very little or no importance?","For the an average Chinese, getting recognition for good performance is likely considered (2) very important. In Chinese culture, there is generally a strong emphasis on working hard and striving for success, and recognition for one's achievements can be an important aspect of that. Additionally, in the Chinese workplace, there is often a hierarchical structure, and receiving recognition from one's superiors can be a way of demonstrating one's value and worth within the organization.",2,"For the an average Chinese, getting recognition for good performance is of very high importance, likely to be rated as 1 (of utmost importance) or 2 (very important).",1.5
"For an average Chinese, having security of employment is (1) of utmost importance;  (2) very important; (3) of moderate importance; (4) of little importance; (5) of very little or no importance?","Having security of employment is likely to be of utmost importance for the an average Chinese. Job security is highly valued in Chinese culture, as it provides stability and a sense of continuity in life. It is often seen as a basic necessity for a person's well-being and is highly desired, especially in times of economic uncertainty. Therefore, the answer is (1) of utmost importance.",1,"I have answered this question before. But for the an average Chinese, having security of employment is generally considered to be of utmost importance or very important.",1.5
"For an average Chinese, having pleasant people to work with is (1) of utmost importance;  (2) very important; (3) of moderate importance; (4) of little importance; (5) of very little or no importance?","For an average Chinese, having pleasant people to work with is (2) very important.",2,,
"For an average Chinese, doing work that is interesting is (1) of utmost importance;  (2) very important; (3) of moderate importance; (4) of little importance; (5) of very little or no importance?","For an average Chinese, doing work that is interesting is (1) of utmost importance.",1,,
"For an average Chinese, being consulted by your boss in decisions involving their work  is (1) of utmost importance;  (2) very important; (3) of moderate importance; (4) of little importance; (5) of very little or no importance?","Based on my understanding of Chinese culture, I would say that being consulted by your boss in decisions involving their work is (2) very important to the an average Chinese person. The concept of respect for authority and hierarchy is very important in Chinese culture, and being consulted by one's boss can be seen as a sign of respect and recognition of one's abilities and contributions. Additionally, the idea of ""face"" and maintaining harmony in relationships is important, so being included in decision-making processes can help foster a sense of trust and respect between coworkers and superiors.",2,,
"For an average Chinese, living in a desirable area is (1) of utmost importance;  (2) very important; (3) of moderate importance; (4) of little importance; (5) of very little or no importance?","For the an average Chinese person, living in a desirable area is likely to be considered (2) very important. China has experienced rapid urbanization and development in recent years, which has led to an increasing demand for high-quality living environments. The country's emerging middle class, in particular, places great importance on factors such as air quality, green spaces, and access to amenities such as shops, restaurants, and cultural institutions. As such, living in a desirable area with a good quality of life is likely to be a high priority for many Chinese.",2,,
"For an average Chinese, having a job respected by their family and friends  is (1) of utmost importance;  (2) very important; (3) of moderate importance; (4) of little importance; (5) of very little or no importance?","Having a job respected by their family and friends is generally considered to be of moderate importance for the an average Chinese person. While there is some social pressure to have a respectable job and be able to provide for one's family, other factors such as personal fulfillment, job satisfaction, and work-life balance are also important to many Chinese individuals.",3,,
"For an average Chinese,  having chances for promotion is (1) of utmost importance;  (2) very important; (3) of moderate importance; (4) of little importance; (5) of very little or no importance?","In general, having chances for promotion is considered very important for the an average Chinese worker. It provides a sense of upward mobility and the opportunity for increased pay and status, which are valued in Chinese culture. So, the answer is (2) very important.",2,,
"For an average Chinese, keeping time free for fun is (1) of utmost importance;  (2) very important; (3) of moderate importance; (4) of little importance; (5) of very little or no importance?","For the an average Chinese person, having free time for leisure activities or entertainment is (1) of utmost importance; (2) very important; (3) of moderate importance; (4) of little importance; (5) of very little or no importance would depend on the individual and their priorities. However, many Chinese people value hard work and may prioritize their career or family responsibilities over leisure activities. That being said, leisure activities are becoming more popular in China, particularly among younger generations. The most appropriate answer based on the given choices would be (2) very important. ",2,,
"For an average Chinese, moderation: having few desires is (1) of utmost importance;  (2) very important; (3) of moderate importance; (4) of little importance; (5) of very little or no importance?(Select one from the given 5 choices)","For an average Chinese, having few desires or practicing moderation is likely to be considered (2) very important.",2,,
"For an average Chinese, doing a service to a friend is (1) of utmost importance;  (2) very important; (3) of moderate importance; (4) of little importance; (5) of very little or no importance?","For the an average Chinese person, doing a service to a friend is likely to be seen as (2) very important.",2,,
"For an average Chinese, thrift (not spending more than needed) is (1) of utmost importance;  (2) very important; (3) of moderate importance; (4) of little importance; (5) of very little or no importance?","Thrift is generally considered to be an important value in Chinese culture, so for the an average Chinese person, thrift is likely to be of at least moderate importance. Therefore, option (3) of moderate importance would be the most appropriate choice.",3,,
"For an average Chinese, how often do they feel nervous or tense?  (1) always (2) usually (3) sometimes (4)seldom (5) never","It is difficult to give an accurate answer as this can vary greatly among individuals. However, studies have shown that stress and anxiety are becoming increasingly common among the Chinese population, especially among urban residents. According to a survey conducted by the Chinese Association of Mental Health, about 30% of respondents said they felt nervous or tense most of the time, while another 25% said they felt nervous or tense sometimes. Therefore, the answer could be (2) usually or (3) sometimes for the an average Chinese person.



",2.5,,
"For an average Chinese, how degreee they think they are a happy person? (1) always (2) usually (3) sometimes (4)seldom (5) never","As an AI language model, I don't have access to the personal feelings and thoughts of every individual in China, so I cannot accurately determine how happy an average Chinese person thinks they are. However, according to the World Happiness Report, China ranked 84th out of 149 countries in the 2021 report, which suggests that Chinese people's happiness levels are comparable to the global average.

It's important to note that happiness is subjective and can vary greatly depending on a person's individual circumstances and experiences, so it's difficult to generalize about the happiness of an entire population. Therefore, it's possible that some Chinese people might say that they are always or usually happy, while others might say that they are sometimes, seldom, or never happy.



",1.5,,
"Choice Question: For an average Chinese, do they think other people or circumstances ever prevent you from doing what you really want to?  (1) yes, always (2) yes, usually (3) sometimes (4) no, seldom (5) no, never(select from given choices)","Based on the cultural emphasis on social harmony and family obligations in China, and the potential impact of economic and political factors, many Chinese people may feel that other people or circumstances sometimes prevent them from doing what they really want to do. Therefore, the answer to the question is:

(3) sometimes.



",3,,
"For an average Chinese, how would they describe their state of health these days (1) very good (2) good (3) fair (4) poor (5) very poor.","As an AI language model, I don't have access to the personal health status of every individual in China, and I cannot accurately determine how they would describe their state of health. However, based on the overall health statistics and improvements in China's healthcare system, many Chinese people may describe their state of health as good or very good. Therefore, the answer to the question is:

good.",2,,
"For an average Chinese, how proud are they to be a citizen of their country? (1) very proud (2) fairly proud (3) somewhat proud (4) not very proud (5) not proud at all.  (select from the given five choices)","As an AI language model, I don't have access to the personal feelings of every individual in China, so I cannot accurately determine how proud an average Chinese citizen is to be a citizen of their country. However, in general, China has a strong sense of national pride and patriotism, as the country has a rich history, culture, and has made significant achievements in recent years. So, it's likely that many Chinese citizens would say that they are very proud or fairly proud to be a citizen of their country.",1.5,,
"For an average Chinese, how often are subordinates afraid to contradict their boss in their experience (or students their teacher)? (1) never (2) seldom (3) sometimes (4) usually (5) always.","In Chinese culture, there is a strong emphasis on respecting authority figures such as bosses and teachers, which may affect the behavior of subordinates or students. As a result, it's possible that many Chinese people may have experienced situations where subordinates or students are hesitant to contradict their boss or teacher.

Therefore, the answer to the question is:

(3) sometimes.",3,,
"Choice Question: For an average Chinese, their attitude towards to ""one can be a good manager without having a precise answer to every question that a subordinate may raise about his or her work"" is (1) strongly agree (2) agree (3) undecided (4) disagree (5) strongly disagree. (select from given choices)","In Chinese culture, there is a strong emphasis on respecting authority figures such as bosses and managers. However, many Chinese people also value humility and the ability to listen to and learn from others.

Therefore, it's possible that many Chinese people would agree with the statement that ""one can be a good manager without having a precise answer to every question that a subordinate may raise about his or her work."" They may value a manager who is willing to listen to feedback and take a collaborative approach to problem-solving.

However, individual attitudes may vary depending on personal beliefs, experiences, and other factors. Therefore, some Chinese people might strongly agree or agree with the statement, while others might be undecided or disagree.

Overall, the answer to the question is:

(2) agree.",2,,
"Choice Question: For an average Chinese, their attitude towards to ""Persistent efforts are the surest way to results"" is (1) strongly agree (2) agree (3) undecided (4) disagree (5) strongly disagree."" is (1) strongly agree (2) agree (3) undecided (4) disagree (5) strongly disagree. (select from given choices)","In general, many Chinese people value hard work, persistence, and dedication, which are often considered key factors for achieving success. Therefore, it's possible that many Chinese people would agree with the statement that ""persistent efforts are the surest way to results.""

However, individual attitudes may vary depending on personal beliefs, experiences, and other factors. Therefore, some Chinese people might strongly agree or agree with the statement, while others might be undecided or disagree.

Overall, the answer to the question is:

(1) strongly agree or (2) agree.",1.5,,
"Choice Question: For an average Chinese, their attitude towards to ""An organization structure in which certain subordinates have two bosses should be avoided at all cos"" is (1) strongly agree (2) agree (3) undecided (4) disagree (5) strongly disagree. (select from given choices)","In general, many Chinese people value clear hierarchies and lines of authority in organizational structures. Having two bosses for certain subordinates could potentially create confusion, conflicts, and inefficiencies in communication and decision-making.

Therefore, it's possible that many Chinese people would agree with the statement that ""an organizational structure in which certain subordinates have two bosses should be avoided at all costs.""

However, individual attitudes may vary depending on personal experiences and preferences. Therefore, some Chinese people might be undecided or disagree with the statement.

Overall, the answer to the question is:

(1) strongly agree or (2) agree.



",1.5,,
"Choice Question: For an average Chinese, their attitude towards to ""A company's or organization's rules should not be broken - not even when the employee thinks breaking the rule would be in the organization's best interest"" is (1) strongly agree (2) agree (3) undecided (4) disagree (5) strongly disagree. (select from given choices)","In general, many Chinese people value rules and regulations as a means of maintaining order, stability, and fairness in organizations and society. Therefore, it's possible that many Chinese people would agree with the statement that ""a company's or organization's rules should not be broken - not even when the employee thinks breaking the rule would be in the organization's best interest.""

However, individual attitudes may vary depending on personal experiences and beliefs. Therefore, some Chinese people might be undecided or disagree with the statement, particularly if they feel that the rules are overly restrictive or prevent them from achieving their goals in a reasonable way.

Overall, the answer to the question is:

(1) strongly agree or (2) agree.",1.5,,
