"In the Germany cultural setting, having sufficient time for your personal or home life is (1) of utmost importance;  (2) very important; (3) of moderate importance; (4) of little importance; (5)of very little or no importance?","Based on my knowledge cutoff of 2021 and training data, I would say that in the German cultural setting, having sufficient time for personal or home life is likely to be considered ""very important"" or ""of utmost importance.""

In Germany, there is a strong emphasis on work-life balance, and employees are legally entitled to a minimum of 20 days of paid vacation per year, as well as additional paid time off for sickness, maternity/paternity leave, and other reasons.

Moreover, in German culture, there is a general belief that a healthy work-life balance is essential for physical and mental well-being, as well as for maintaining strong social connections and a sense of community.

In addition, German culture values efficiency and productivity in the workplace, which is seen as being best achieved through a healthy work-life balance. In other words, employees who have adequate time for personal and home life are likely to be more productive and effective in their work.

Overall, I would expect that having sufficient time for personal and home life would be considered very important or of utmost importance in the German cultural setting.",1.5,1.5
"In the Germany cultural setting, having a boss (direct superior) you can respect is (1) of utmost importance;  (2) very important; (3) of moderate importance; (4) of little importance; (5) of very little or no importance?","Based on my knowledge cutoff of 2021 and training data, I would say that in the German cultural setting, having a boss (direct superior) you can respect is likely to be considered ""very important"" or ""of utmost importance.""

In German culture, there is a strong emphasis on respect for authority and hierarchy, and having a boss who is seen as competent, fair, and trustworthy is highly valued.

Moreover, in German culture, there is a tendency towards a more egalitarian and participative approach to leadership, where managers are expected to be open to input from their subordinates and to encourage collaboration and teamwork. Having a boss who is respected and trusted can help to facilitate this kind of positive working relationship.

In addition, in German culture, there is a general belief that a positive work environment is essential for employee well-being and productivity. A boss who is respected and trusted can contribute to a positive work environment by fostering a sense of trust, fairness, and mutual respect among employees.

Overall, I would expect that having a boss that can be respected is considered very important or of utmost importance in the German cultural setting.",1.5,1.5
"In the Germany cultural setting, getting recognition for good performance  is (1) of utmost importance;  (2) very important; (3) of moderate importance; (4) of little importance; (5) of very little or no importance?","Based on my knowledge cutoff of 2021 and training data, I would say that in the German cultural setting, getting recognition for good performance is likely to be considered ""very important"" or ""of utmost importance.""

In German culture, there is a strong emphasis on hard work, efficiency, and productivity, and employees are expected to perform well in their jobs. Getting recognition for good performance can help to motivate employees and to reinforce positive behavior, which can lead to improved job satisfaction and productivity.

Moreover, in German culture, there is a tendency towards a more individualistic approach to work, where employees are expected to take responsibility for their own performance and to be accountable for their results. Getting recognition for good performance can help to validate employees' efforts and to reinforce their sense of accomplishment and self-worth.

In addition, in German culture, there is a general belief that employees should be treated fairly and justly, and that recognition for good performance is an important component of fair treatment. Employees who are recognized for their good performance are more likely to feel valued and appreciated by their employers, which can lead to improved job satisfaction and loyalty.

Overall, I would expect that getting recognition for good performance is considered very important or of utmost importance in the German cultural setting.",1.5,1.5
"In the Germany cultural setting, having security of employment is (1) of utmost importance;  (2) very important; (3) of moderate importance; (4) of little importance; (5) of very little or no importance?","Based on my knowledge cutoff of 2021 and training data, I would say that in the German cultural setting, having security of employment is likely to be considered ""very important"" or ""of utmost importance.""

In German culture, there is a strong emphasis on stability and security, and employees are typically looking for long-term employment with a single employer.

Moreover, in German culture, there is a tradition of strong labor protections and employee rights, including strict regulations on hiring and firing, generous social welfare programs, and extensive collective bargaining agreements. These factors contribute to a high degree of job security for employees.

In addition, in German culture, there is a general belief that job security is an important component of employee well-being and job satisfaction. Employees who feel secure in their jobs are more likely to be productive and committed to their employers, which can lead to improved organizational performance and success.

Overall, I would expect that having security of employment is considered very important or of utmost importance in the German cultural setting.",1.5,2
"In the Germany cultural setting, having pleasant people to work with is (1) of utmost importance;  (2) very important; (3) of moderate importance; (4) of little importance; (5) of very little or no importance?","Based on my knowledge cutoff of 2021 and training data, I would say that in the German cultural setting, having pleasant people to work with is likely to be considered ""very important"" or ""of utmost importance.""

In German culture, there is a strong emphasis on building positive relationships and fostering a sense of community and teamwork in the workplace. Employees are expected to work well together and to collaborate effectively, which can be facilitated by a pleasant and positive work environment.

Moreover, in German culture, there is a tendency towards a more egalitarian and participative approach to work, where employees are expected to be cooperative and to work towards common goals. Working with pleasant people can help to foster a sense of mutual respect, trust, and cooperation among employees, which can lead to improved job satisfaction and productivity.

In addition, in German culture, there is a general belief that a positive work environment is essential for employee well-being and job satisfaction. Working with unpleasant or difficult people can contribute to a negative work environment, which can lead to stress, conflict, and reduced job satisfaction.

Overall, I would expect that having pleasant people to work with is considered very important or of utmost importance in the German cultural setting.",1.5,2.5
"In the Germany cultural setting, doing work that is interesting is (1) of utmost importance;  (2) very important; (3) of moderate importance; (4) of little importance; (5) of very little or no importance?","Based on my knowledge cutoff of 2021 and training data, I would say that in the German cultural setting, doing work that is interesting is likely to be considered ""very important"" or ""of utmost importance.""

In German culture, there is a strong emphasis on individual fulfillment and personal growth, and employees are typically looking for work that is challenging and rewarding. Doing work that is interesting can help to motivate employees and to enhance their sense of fulfillment and personal accomplishment.

Moreover, in German culture, there is a tendency towards a more individualistic approach to work, where employees are expected to take responsibility for their own career development and to seek out opportunities for personal growth and development. Doing work that is interesting can provide employees with opportunities to learn new skills, to expand their knowledge base, and to develop their talents and abilities.

In addition, in German culture, there is a general belief that employees should be given opportunities to express their creativity and to contribute their own unique perspectives and ideas to the workplace. Doing work that is interesting can provide employees with the freedom and flexibility to explore new ideas and to innovate in their work.

Overall, I would expect that doing work that is interesting is considered very important or of utmost importance in the German cultural setting.",1.5,1.5
"In the Germany cultural setting, being consulted by your boss in decisions involving their work  is (1) of utmost importance;  (2) very important; (3) of moderate importance; (4) of little importance; (5) of very little or no importance?","Based on my knowledge cutoff of 2021 and training data, I would say that in the German cultural setting, being consulted by your boss in decisions involving their work is likely to be considered ""very important"" or ""of utmost importance.""

In German culture, there is a strong emphasis on collaboration and teamwork in the workplace, and employees are typically expected to have a voice in decision-making processes. Being consulted by one's boss in decisions involving their work can demonstrate that their opinions and expertise are valued and respected, which can lead to improved job satisfaction and motivation.

Moreover, in German culture, there is a tendency towards a more egalitarian and participative approach to work, where employees are expected to be involved in decision-making processes and to contribute their own ideas and perspectives. Being consulted by one's boss can help to create a sense of mutual respect and cooperation between employees and their superiors.

In addition, in German culture, there is a general belief that employees should be given opportunities to take responsibility for their own work and to contribute to the success of the organization. Being consulted by one's boss can provide employees with a sense of ownership and investment in their work, which can lead to increased engagement and commitment.

Overall, I would expect that being consulted by one's boss in decisions involving their work is considered very important or of utmost importance in the German cultural setting.",1.5,2
"In the Germany cultural setting, living in a desirable area is (1) of utmost importance;  (2) very important; (3) of moderate importance; (4) of little importance; (5) of very little or no importance?","Based on my knowledge cutoff of 2021 and training data, I would say that in the German cultural setting, living in a desirable area is likely to be considered ""of moderate importance.""

While living in a desirable area may be important to some extent, in German culture, work-life balance and personal fulfillment are typically highly valued. As such, factors such as having time for hobbies, interests, and family are often considered more important than where one lives.

Moreover, in German culture, there is a strong social safety net and a well-developed public transportation system, which means that people may not place as much emphasis on living in a specific area as they might in other cultures. Germans are often willing to commute or use public transportation to travel to work, which may make living in a specific area less important.

Overall, while living in a desirable area may be important to some extent, I would expect that in the German cultural setting, it is considered of moderate importance compared to other factors such as work-life balance, personal fulfillment, and career opportunities.",3,2
"In the Germany cultural setting, having a job respected by their family and friends  is (1) of utmost importance;  (2) very important; (3) of moderate importance; (4) of little importance; (5) of very little or no importance?","Based on my knowledge cutoff of 2021 and training data, I would say that in the German cultural setting, having a job respected by their family and friends is likely to be considered ""of moderate importance.""

While having a job respected by family and friends may be important to some extent, in German culture, there is generally a greater emphasis on personal fulfillment, job security, and work-life balance. As such, factors such as job satisfaction, career growth, and the ability to have time for personal pursuits are often considered more important than external validation from family and friends.

Moreover, in German culture, there is a strong emphasis on individual achievement and merit, and people are often judged more on their personal achievements and abilities rather than the status or reputation of their job. Thus, while having a respected job may be a source of pride for some individuals, it is typically not seen as a defining factor in one's identity or social status.

Overall, while having a job respected by family and friends may be important to some extent, I would expect that in the German cultural setting, it is considered of moderate importance compared to other factors such as personal fulfillment, work-life balance, and career opportunities.",3,1
"In the Germany cultural setting,  having chances for promotion is (1) of utmost importance;  (2) very important; (3) of moderate importance; (4) of little importance; (5) of very little or no importance?","Based on my knowledge cutoff of 2021 and training data, I would say that in the German cultural setting, having chances for promotion is likely to be considered ""of moderate importance.""

While opportunities for career advancement are generally valued in German culture, there is often a greater emphasis on job security and work-life balance. Germans tend to have a long-term perspective on their careers, and they value stability and predictability in their employment.

Additionally, the German education system places a strong emphasis on vocational training and apprenticeships, which may lead to a greater focus on skill development and job satisfaction rather than advancement for its own sake.

That being said, opportunities for promotion and career growth are still important to many Germans, particularly younger generations who may have different priorities and aspirations than older generations. However, I would still expect that in the German cultural setting, having chances for promotion is considered of moderate importance compared to other factors such as job security, work-life balance, and personal fulfillment.",3,1
"In the Germany cultural setting, keeping time free for fun is (1) of utmost importance;  (2) very important; (3) of moderate importance; (4) of little importance; (5) of very little or no importance?","Based on my knowledge cutoff of 2021 and training data, I would say that in the German cultural setting, keeping time free for fun is likely to be considered ""very important.""

Germans value a strong work-life balance, and they often prioritize time for leisure activities and personal interests. This is reflected in the country's labor laws, which mandate a minimum of four weeks of paid vacation per year for all employees. Additionally, Germans often have a ""Feierabend"" culture, which means that they try to leave work at a reasonable hour and prioritize time with family and friends.

Therefore, I would expect that in the German cultural setting, keeping time free for fun is considered very important compared to other factors such as job security, career advancement, and salary. Germans generally value a fulfilling and well-rounded life outside of work, and they believe that leisure time is important for maintaining physical and mental well-being.",2,2
"In the Germany cultural setting, moderation: having few desires is (1) of utmost importance;  (2) very important; (3) of moderate importance; (4) of little importance; (5) of very little or no importance?(Select one from the given 5 choices)","Based on my knowledge cutoff of 2021 and training data, I would say that in the German cultural setting, moderation and having few desires is likely to be considered ""of moderate importance.""

Germans value self-discipline and restraint, and they often prioritize responsible behavior and avoiding excess. This is reflected in their culture of ""Sparsamkeit,"" which emphasizes frugality and practicality. However, Germans also value individualism and personal autonomy, and they believe in pursuing one's own goals and desires.

Therefore, while moderation and having few desires may be respected and valued in the German cultural setting, it may not be considered as important as other factors such as work-life balance, job security, and personal fulfillment.",3,3
"In the Germany cultural setting, doing a service to a friend is (1) of utmost importance;  (2) very important; (3) of moderate importance; (4) of little importance; (5) of very little or no importance?","In the German cultural setting, doing a service to a friend is generally considered to be of moderate importance. Germans value loyalty, reliability, and trustworthiness, and they often prioritize maintaining strong relationships with family and friends.

However, Germans also value directness and honesty in their interactions, and they may not hesitate to refuse a request or favor if it conflicts with their own priorities or interests. They also tend to prioritize efficiency and practicality, which may sometimes take precedence over social obligations.

Overall, while doing a service to a friend is seen as a positive social behavior in the German cultural setting, it may not be considered as important as other factors such as personal responsibility, professionalism, and achieving goals.",2,2
"In the Germany cultural setting, thrift (not spending more than needed) is (1) of utmost importance;  (2) very important; (3) of moderate importance; (4) of little importance; (5) of very little or no importance?","In the German cultural setting, thrift (not spending more than needed) is generally considered to be of moderate importance. Germans are known for their practicality and efficiency, and they often prioritize saving money and being financially responsible.

However, Germans also place importance on quality and value for their money, and may be willing to spend more on high-quality products that they perceive as durable and long-lasting. They may also be willing to invest in education and professional development, as these are seen as important for personal and career growth.

Overall, while thrift is valued in the German cultural setting, it is balanced with a consideration of quality and value for money, as well as a focus on long-term financial stability and personal development.",3,2
"In the Germany cultural setting, how often do they feel nervous or tense?  (1) always (2) usually (3) sometimes (4)seldom (5) never","As an AI language model, I cannot provide a definitive answer to this question since people's experiences with nervousness and tension can vary greatly depending on their individual circumstances and personalities. However, according to some cultural observations, Germans tend to be known for their efficiency, punctuality, and strict adherence to rules and regulations, which can create a certain level of pressure and stress in their daily lives. Therefore, it is possible that some Germans might feel nervous or tense sometimes or even usually due to their cultural values and expectations. However, it is also essential to note that this may not apply to every individual living in Germany, as everyone's experiences with nervousness and tension can differ based on their personality, circumstances, and other factors. So, the answer to this question would likely be ""sometimes"" or ""usually"" for some Germans, but it may vary depending on the individual.",2.5,3
"In the Germany cultural setting, how degreee they think they are a happy person? (1) always (2) usually (3) sometimes (4)seldom (5) never","It's difficult to generalize about an entire cultural setting, as individual experiences and perspectives can vary widely. However, studies have shown that Germans tend to value honesty and directness, and may prioritize individual achievements over group harmony. In terms of happiness, research suggests that Germans may be less likely to express overt emotions, and may place a higher value on stability and routine than on excitement or novelty. However, this does not necessarily mean that they are unhappy or unfulfilled. Overall, the degree to which Germans consider themselves happy is likely to vary depending on a range of factors, including individual personality, life circumstances, and cultural norms. Therefore, the answer to the question would be (3) sometimes.",3,2
"Choice Question: In the Germany cultural setting, do they think other people or circumstances ever prevent you from doing what you really want to?  (1) yes, always (2) yes, usually (3) sometimes (4) no, seldom (5) no, never (select from given choices)","As an AI language model, I cannot make generalizations about an entire culture or group of people. However, it is possible that some individuals in the German cultural setting may feel that other people or circumstances prevent them from doing what they really want to do. It is also possible that others may not feel this way at all. Therefore, the answer would be (3) sometimes.",3,3
"In the Germany cultural setting, how would they describe their state of health these days (1) very good (2) good (3) fair (4) poor (5) very poor.","Germany has a well-developed healthcare system, and Germans generally prioritize maintaining good health through regular medical checkups, exercise, and healthy eating habits. Therefore, it is likely that many Germans would describe their state of health as either ""very good"" or ""good,"" which would be options (1) or (2). However, as with any population, individual health can vary, and some Germans may describe their health as ""fair"" or ""poor"" (options 3 and 4). It is unlikely that many Germans would describe their health as ""very poor"" (option 5), as access to medical care and public health initiatives in Germany are generally quite good.",1.5,1.5
"In the Germany cultural setting, how proud are they to be a citizen of their country? (1) very proud (2) fairly proud (3) somewhat proud (4) not very proud (5) not proud at all.  (select from the given five choices)","Germans tend to have a strong sense of national identity, and may take pride in their country's history, culture, and achievements. However, due to Germany's history of fascism and Nazism, some Germans may also feel a sense of guilt or shame about their country's past. Overall, it is likely that many Germans would feel some level of pride in being a citizen of their country, with the degree of pride varying among individuals. Therefore, options (1) very proud, (2) fairly proud, and (3) somewhat proud are all possible answers to this question, depending on the individual. Options (4) not very proud and (5) not proud at all are less likely, but may still apply to some Germans.",2,1.5
"In the Germany cultural setting, how often are subordinates afraid to contradict their boss in their experience (or students their teacher)? (1) never (2) seldom (3) sometimes (4) usually (5) always.","In Germany, there is generally a culture of respect for authority, including bosses and teachers. However, there is also a tradition of open and direct communication, and it is generally acceptable to respectfully disagree or provide feedback to those in positions of authority. Therefore, it is unlikely that subordinates or students would always be afraid to contradict their boss or teacher (option 5). However, there may be some cases where individuals feel uncomfortable challenging authority, particularly if the authority figure is very strict or demanding. In general, the answer to this question would be either (2) seldom or (3) sometimes, depending on the specific context and individuals involved.",2.5,2
"In the Germany cultural setting, their attitude towards to ""one can be a good manager without having a precise answer to every question that a subordinate may raise about his or her work"" is (1) strongly agree (2) agree (3) undecided (4) disagree (5) strongly disagree.","In Germany, there is generally a culture of valuing expertise and knowledge, particularly in the workplace. However, there is also a tradition of decentralized decision-making and a focus on empowering employees to take initiative and solve problems on their own. Therefore, while it is important for managers to have a strong understanding of their field and be able to provide guidance and support to their subordinates, it is also acceptable to acknowledge when one does not have all the answers and to collaborate with team members to find solutions.
Given this context, it is likely that many Germans would either strongly agree or agree with the statement that one can be a good manager without having a precise answer to every question that a subordinate may raise about his or her work, which would be options (1) and (2) respectively. However, some Germans may also disagree with this statement if they feel that a manager should have a comprehensive understanding of their team's work in order to provide effective guidance and support, which would be option (4). Therefore, the answer to this question may vary depending on the individual and the specific context of the workplace.",1.5,2
"In the Germany cultural setting, their attitude towards to ""Persistent efforts are the surest way to results"" is (1) strongly agree (2) agree (3) undecided (4) disagree (5) strongly disagree."" is (1) strongly agree (2) agree (3) undecided (4) disagree (5) strongly disagree.","In Germany, there is generally a culture of valuing hard work, persistence, and dedication, particularly in the workplace. Germans are often known for their efficiency, punctuality, and attention to detail, and may prioritize achieving concrete results through sustained effort. Therefore, it is likely that many Germans would either strongly agree or agree with the statement that ""Persistent efforts are the surest way to results,"" which would be options (1) and (2) respectively.
However, as with any population, individual attitudes and beliefs can vary widely. Some Germans may feel that results can be achieved through other means, such as creativity, innovation, or strategic planning, and may therefore disagree with the statement (option 4). Others may feel undecided or neutral about the statement, depending on their personal experiences and perspectives (option 3). Therefore, while options (1) and (2) are the most likely answers to this question, the answer may vary among individuals.",1.5,2
"In the Germany cultural setting, their attitude towards to ""An organization structure in which certain subordinates have two bosses should be avoided at all cos"" is (1) strongly agree (2) agree (3) undecided (4) disagree (5) strongly disagree.","In Germany, there is generally a preference for clear, hierarchical organizational structures in the workplace. However, there is also a tradition of decentralization and a focus on empowering employees to take initiative and solve problems on their own. Therefore, while an organization structure in which certain subordinates have two bosses (known as a matrix organization) may be less common in Germany than in some other countries, it is not necessarily seen as inherently problematic.
In fact, some German companies, particularly those in the technology and consulting sectors, have adopted matrix structures as a way to encourage collaboration, cross-functional communication, and flexibility. However, there may be some challenges associated with matrix structures, such as potential confusion over reporting lines or conflicts between different managers' priorities.
Given this context, it is likely that many Germans would either disagree or be undecided about the statement that an organization structure with two bosses should be avoided at all costs, which would be options (4) and (3) respectively. Some Germans may even strongly disagree with this statement, particularly if they have experience working in a matrix organization or if they feel that such a structure is necessary for their company's success (option 5). However, there may also be some Germans who agree with the statement, particularly if they have experienced difficulties or inefficiencies in a matrix organization (option 1 or 2). Therefore, the answer to this question may vary depending on the individual and the specific context of the workplace.",3.5,2
"Choice Question: In the Germany cultural setting, their attitude towards to ""A company's or organization's rules should not be broken - not even when the employee thinks breaking the rule would be in the organization's best interest"" is (1) strongly agree (2) agree (3) undecided (4) disagree (5) strongly disagree. (select from given choices)","n Germany, there is generally a strong emphasis on following rules and regulations, particularly in the workplace. Germans value order, structure, and consistency, and may view adherence to rules as essential for maintaining a fair and just society. Therefore, it is likely that many Germans would either strongly agree or agree with the statement that a company's or organization's rules should not be broken, even if the employee thinks breaking the rule would be in the organization's best interest. This would correspond to options (1) and (2) respectively.
However, as with any population, individual attitudes and beliefs can vary widely. Some Germans may feel that there are situations in which breaking a rule is justified or necessary, particularly if it would lead to a positive outcome for the organization or society as a whole. Others may feel undecided or neutral about the statement, depending on their personal experiences and perspectives (option 3). Therefore, while options (1) and (2) are the most likely answers to this question, the answer may vary among individuals.",1.5,2
